,V201228,V201507x,V201549x,V202468x,V202073,V201201,V201151,V201152
6,Republican,37,"White, non-Hispanic","$20,000-24,999",1,Conservative,50,75
36,Democrat,71,"Black, non-Hispanic","$45,000-49,999",0,Conservative,60,15
41,Democrat,56,"Black, non-Hispanic","$20,000-24,999",0,Conservative,80,5
48,Republican,42,"Asian or Native Hawaiian/other Pacific Islander, non-Hispanic","$65,000-69,999",1,Liberal,15,80
58,Republican,48,"White, non-Hispanic","$45,000-49,999",0,Conservative,60,30
99,Independent,80,"White, non-Hispanic","$45,000-49,999",0,Liberal,60,30
115,Republican,36,Hispanic,"$100,000-109,999",1,Conservative,50,85
141,Democrat,64,"White, non-Hispanic","$80,000-89,999",0,Liberal,85,50
148,Democrat,49,Hispanic,"$150,000-174,999",0,Liberal,75,10
196,Independent,61,"White, non-Hispanic","$45,000-49,999",0,Liberal,50,30
213,Republican,41,"White, non-Hispanic","$250,000 or more",1,Conservative,40,60
214,Independent,48,"White, non-Hispanic","$90,000-99,999",1,Conservative,50,60
217,Republican,64,"Multiple races, non-Hispanic","$50,000-59,999",1,Conservative,40,85
223,Independent,31,"White, non-Hispanic","$80,000-89,999",0,Liberal,55,5
229,Republican,66,"White, non-Hispanic","$70,000-74,999",0,Liberal,85,30
233,Democrat,60,"Black, non-Hispanic","$80,000-89,999",0,Conservative,85,15
269,Republican,53,"White, non-Hispanic","$60,000-64,999",1,Conservative,50,70
275,Republican,57,"White, non-Hispanic","$150,000-174,999",1,Conservative,40,85
292,Independent,61,"White, non-Hispanic","$10,000-14,999",0,Conservative,50,50
301,Democrat,66,"White, non-Hispanic","$65,000-69,999",1,Conservative,50,85
303,Independent,72,"White, non-Hispanic","$150,000-174,999",1,Conservative,60,50
307,Independent,59,"White, non-Hispanic","$50,000-59,999",0,Liberal,70,30
329,Republican,71,"White, non-Hispanic","$100,000-109,999",1,Conservative,15,50
353,Republican,73,"White, non-Hispanic","$110,000-124,999",0,Conservative,70,15
358,Independent,62,"Native American/Alaska Native or other race, non-Hispanic","$250,000 or more",1,Liberal,30,85
362,Democrat,34,"White, non-Hispanic","$90,000-99,999",0,Liberal,70,15
398,Democrat,32,"Native American/Alaska Native or other race, non-Hispanic","$125,000-149,999",0,Liberal,85,30
424,Independent,30,"White, non-Hispanic","Under $9,999",1,Conservative,20,60
439,Republican,68,"White, non-Hispanic","$40,000-44,999",1,Conservative,30,85
462,Democrat,62,"White, non-Hispanic","Under $9,999",0,Conservative,100,30
475,Republican,37,"White, non-Hispanic","$175,000-249,999",1,Conservative,40,75
495,Democrat,75,"White, non-Hispanic","Under $9,999",0,Liberal,70,15
507,Republican,38,"Native American/Alaska Native or other race, non-Hispanic","$70,000-74,999",1,Conservative,15,40
522,Democrat,72,"White, non-Hispanic","$25,000-29,999",1,Conservative,30,85
525,Republican,35,"White, non-Hispanic","$175,000-249,999",0,Conservative,40,15
564,Democrat,44,Hispanic,"$110,000-124,999",0,Conservative,50,70
576,Republican,41,"Asian or Native Hawaiian/other Pacific Islander, non-Hispanic","$70,000-74,999",1,Conservative,15,85
585,Republican,35,"White, non-Hispanic","Under $9,999",1,Conservative,30,100
604,Republican,56,"White, non-Hispanic","$80,000-89,999",1,Conservative,15,100
606,Democrat,80,Hispanic,"$90,000-99,999",0,Liberal,100,40
626,Independent,67,"White, non-Hispanic","$90,000-99,999",0,Liberal,70,25
645,Democrat,58,"Black, non-Hispanic","$35,000-39,999",0,Conservative,70,15
663,Independent,47,Hispanic,"$50,000-59,999",1,Conservative,30,60
679,Independent,55,"White, non-Hispanic","$70,000-74,999",0,Liberal,70,15
686,Independent,72,Hispanic,"$150,000-174,999",0,Conservative,40,60
701,Independent,68,Hispanic,"$20,000-24,999",1,Liberal,50,40
702,Democrat,40,"Asian or Native Hawaiian/other Pacific Islander, non-Hispanic","$175,000-249,999",0,Liberal,40,15
723,Independent,60,"White, non-Hispanic","$65,000-69,999",0,Liberal,50,45
725,Republican,69,"White, non-Hispanic","$25,000-29,999",1,Conservative,15,85
729,Democrat,64,"White, non-Hispanic","$15,000-19,999",0,Liberal,60,15
736,Democrat,61,"White, non-Hispanic","$35,000-39,999",0,Conservative,85,15
754,Independent,50,"White, non-Hispanic","$175,000-249,999",1,Conservative,15,85
810,Democrat,41,Hispanic,"$30,000-34,999",0,Liberal,85,50
814,Republican,62,"White, non-Hispanic","$175,000-249,999",1,Liberal,50,60
844,Democrat,54,"Black, non-Hispanic","$10,000-14,999",0,Conservative,100,15
845,Democrat,71,"Black, non-Hispanic","$250,000 or more",0,Conservative,85,15
863,Independent,50,"White, non-Hispanic","$110,000-124,999",0,Conservative,85,1
885,Democrat,64,"White, non-Hispanic","$60,000-64,999",0,Liberal,60,15
892,Independent,30,"Multiple races, non-Hispanic","$40,000-44,999",1,Conservative,15,70
905,Republican,52,"White, non-Hispanic","$50,000-59,999",1,Conservative,15,90
911,Democrat,45,"White, non-Hispanic","$90,000-99,999",0,Liberal,70,40
925,Republican,80,"White, non-Hispanic","$50,000-59,999",1,Liberal,50,100
939,Democrat,56,"White, non-Hispanic","$80,000-89,999",0,Liberal,60,15
940,Republican,28,"White, non-Hispanic","$45,000-49,999",1,Conservative,20,60
942,Democrat,45,Hispanic,"$250,000 or more",0,Liberal,85,15
953,Democrat,70,"Black, non-Hispanic","$15,000-19,999",0,Conservative,80,50
963,Independent,57,"White, non-Hispanic","$110,000-124,999",1,Conservative,30,85
964,Republican,26,"White, non-Hispanic","$50,000-59,999",1,Conservative,20,70
978,Democrat,43,"White, non-Hispanic","$250,000 or more",0,Liberal,40,15
982,Independent,31,"Multiple races, non-Hispanic","$110,000-124,999",0,Conservative,60,30
986,Democrat,60,"Black, non-Hispanic","$25,000-29,999",0,Liberal,85,50
995,Democrat,51,"White, non-Hispanic","$60,000-64,999",0,Conservative,60,30
1012,Independent,58,"White, non-Hispanic","$175,000-249,999",1,Conservative,30,60
1102,Democrat,25,"White, non-Hispanic","$125,000-149,999",0,Conservative,50,30
1106,Democrat,51,"Black, non-Hispanic","$40,000-44,999",0,Conservative,85,40
1112,Independent,55,"White, non-Hispanic","$100,000-109,999",0,Liberal,100,15
1115,Democrat,56,Hispanic,"Under $9,999",0,Conservative,100,40
1157,Independent,35,"White, non-Hispanic","$50,000-59,999",1,Conservative,40,60
1173,Independent,61,"White, non-Hispanic","$40,000-44,999",1,Liberal,60,60
1174,Democrat,41,"White, non-Hispanic","$125,000-149,999",1,Conservative,60,40
1193,Republican,34,"White, non-Hispanic","$20,000-24,999",1,Liberal,15,75
1202,Independent,56,Hispanic,"$50,000-59,999",1,Liberal,40,85
1208,Independent,57,"White, non-Hispanic","$250,000 or more",0,Conservative,70,40
1216,Democrat,66,Hispanic,"$45,000-49,999",0,Conservative,60,15
1248,Republican,73,"White, non-Hispanic","$60,000-64,999",1,Conservative,15,60
1257,Democrat,61,"White, non-Hispanic","$50,000-59,999",1,Conservative,40,100
1258,Democrat,79,"Asian or Native Hawaiian/other Pacific Islander, non-Hispanic","Under $9,999",1,Conservative,60,70
1262,Republican,29,"White, non-Hispanic","$45,000-49,999",1,Conservative,40,85
1275,Independent,71,"White, non-Hispanic","Under $9,999",0,Conservative,50,50
1297,Democrat,62,"White, non-Hispanic","$10,000-14,999",1,Conservative,40,40
1337,Republican,66,"White, non-Hispanic","$70,000-74,999",1,Liberal,30,85
1364,Democrat,73,"White, non-Hispanic","$70,000-74,999",0,Liberal,85,30
1368,Republican,38,"White, non-Hispanic","$250,000 or more",1,Conservative,15,30
1390,Democrat,59,"White, non-Hispanic","$110,000-124,999",0,Liberal,85,15
1416,Republican,55,"White, non-Hispanic","$110,000-124,999",1,Conservative,30,70
1420,Independent,37,"White, non-Hispanic","$30,000-34,999",0,Conservative,85,35
1426,Republican,51,"White, non-Hispanic","$75,000-79,999",1,Conservative,15,85
1431,Republican,69,"White, non-Hispanic","$30,000-34,999",0,Liberal,40,30
1446,Independent,69,"White, non-Hispanic","$50,000-59,999",0,Conservative,85,15
1475,Other,25,"Black, non-Hispanic","$30,000-34,999",0,Liberal,50,15
1507,Other,80,"White, non-Hispanic","$45,000-49,999",1,Liberal,50,60
1524,Democrat,64,"White, non-Hispanic","$25,000-29,999",1,Conservative,15,100
1539,Independent,59,"White, non-Hispanic","$100,000-109,999",1,Conservative,85,15
1550,Independent,24,"White, non-Hispanic","$25,000-29,999",0,Liberal,40,40
1559,Republican,62,Hispanic,"$50,000-59,999",1,Conservative,50,85
1582,Republican,34,"White, non-Hispanic","$80,000-89,999",1,Conservative,50,70
1586,Independent,56,"White, non-Hispanic","$60,000-64,999",0,Liberal,70,15
1601,Independent,54,"White, non-Hispanic","$125,000-149,999",0,Liberal,70,15
1613,Democrat,52,"Black, non-Hispanic","$10,000-14,999",0,Liberal,85,30
1634,Republican,67,"White, non-Hispanic","$60,000-64,999",1,Conservative,50,100
1638,Democrat,59,"Black, non-Hispanic","$40,000-44,999",0,Conservative,75,10
1642,Democrat,34,"White, non-Hispanic","$30,000-34,999",0,Liberal,66,69
1644,Democrat,38,"Black, non-Hispanic","$30,000-34,999",0,Conservative,85,10
1653,Democrat,77,"Black, non-Hispanic","$110,000-124,999",0,Liberal,85,10
1655,Republican,51,"Asian or Native Hawaiian/other Pacific Islander, non-Hispanic","$35,000-39,999",1,Conservative,40,100
1669,Republican,44,Hispanic,"$150,000-174,999",1,Conservative,15,85
1676,Democrat,47,"White, non-Hispanic","Under $9,999",0,Liberal,70,15
1691,Republican,43,"White, non-Hispanic","$250,000 or more",1,Conservative,60,60
1764,Republican,80,"White, non-Hispanic","$80,000-89,999",0,Conservative,100,15
1781,Democrat,41,"White, non-Hispanic","$40,000-44,999",0,Conservative,75,15
1802,Independent,55,"White, non-Hispanic","$150,000-174,999",1,Conservative,70,70
1825,Democrat,65,"White, non-Hispanic","$250,000 or more",0,Liberal,85,15
1829,Democrat,55,"Black, non-Hispanic","Under $9,999",0,Liberal,100,15
1851,Independent,51,"White, non-Hispanic","$35,000-39,999",0,Liberal,60,70
1856,Democrat,58,Hispanic,"Under $9,999",1,Conservative,50,70
1866,Republican,54,"White, non-Hispanic","$125,000-149,999",1,Conservative,30,70
1876,Republican,50,"White, non-Hispanic","$250,000 or more",0,Liberal,40,40
1877,Independent,38,"White, non-Hispanic","Under $9,999",1,Conservative,65,45
1902,Democrat,54,Hispanic,"$10,000-14,999",0,Conservative,70,15
1906,Republican,72,"White, non-Hispanic","$35,000-39,999",1,Conservative,60,75
1947,Democrat,62,"Black, non-Hispanic","$150,000-174,999",0,Liberal,70,15
1951,Republican,77,"White, non-Hispanic","$45,000-49,999",1,Conservative,40,85
1979,Republican,24,Hispanic,"$25,000-29,999",1,Conservative,15,60
1996,Republican,54,"White, non-Hispanic","$60,000-64,999",1,Conservative,40,50
2005,Republican,67,"White, non-Hispanic","$100,000-109,999",1,Conservative,30,100
2010,Independent,63,"White, non-Hispanic","$15,000-19,999",1,Conservative,40,85
2016,Independent,76,"White, non-Hispanic","$125,000-149,999",0,Conservative,60,15
2018,Independent,37,"White, non-Hispanic","$100,000-109,999",0,Liberal,40,40
2024,Republican,47,"White, non-Hispanic","$175,000-249,999",1,Conservative,70,80
2027,Democrat,62,"Black, non-Hispanic","$80,000-89,999",0,Liberal,80,40
2059,Democrat,62,Hispanic,"$25,000-29,999",0,Conservative,85,5
2077,Independent,80,"White, non-Hispanic","$10,000-14,999",1,Conservative,30,70
2090,Democrat,25,"Multiple races, non-Hispanic","$15,000-19,999",0,Liberal,30,60
2101,Independent,44,"White, non-Hispanic","$10,000-14,999",0,Liberal,70,15
2103,Independent,47,"White, non-Hispanic","$80,000-89,999",1,Conservative,15,70
2116,Independent,43,"White, non-Hispanic","$150,000-174,999",1,Conservative,40,45
2117,Republican,39,"White, non-Hispanic","$70,000-74,999",1,Conservative,15,100
2119,Republican,40,"Black, non-Hispanic","$80,000-89,999",1,Conservative,85,85
2124,Independent,27,"White, non-Hispanic","$70,000-74,999",0,Conservative,60,40
2125,Independent,28,"Black, non-Hispanic","$10,000-14,999",0,Liberal,40,15
2153,Republican,80,"White, non-Hispanic","Under $9,999",1,Conservative,40,60
2173,Republican,45,"White, non-Hispanic","$250,000 or more",1,Liberal,40,65
2174,Independent,55,"Native American/Alaska Native or other race, non-Hispanic","$30,000-34,999",0,Liberal,30,100
2196,Independent,73,"White, non-Hispanic","$90,000-99,999",1,Conservative,15,85
2198,Democrat,63,"Asian or Native Hawaiian/other Pacific Islander, non-Hispanic","Under $9,999",1,Liberal,40,75
2199,Democrat,58,Hispanic,"$50,000-59,999",0,Liberal,85,15
2223,Independent,29,"White, non-Hispanic","$60,000-64,999",1,Conservative,40,70
2254,Republican,33,"White, non-Hispanic","$25,000-29,999",1,Conservative,40,70
2269,Democrat,54,"Asian or Native Hawaiian/other Pacific Islander, non-Hispanic","$60,000-64,999",0,Conservative,85,50
2307,Independent,21,Hispanic,"$125,000-149,999",0,Liberal,60,49
2328,Other,35,"White, non-Hispanic","$110,000-124,999",0,Conservative,60,15
2355,Republican,35,"White, non-Hispanic","$75,000-79,999",0,Conservative,50,15
2358,Independent,71,"White, non-Hispanic","$30,000-34,999",1,Liberal,15,100
2366,Independent,59,"White, non-Hispanic","$50,000-59,999",0,Liberal,40,60
2367,Democrat,32,"White, non-Hispanic","$175,000-249,999",0,Liberal,70,15
2378,Democrat,73,"Asian or Native Hawaiian/other Pacific Islander, non-Hispanic","$100,000-109,999",1,Conservative,50,70
2380,Republican,35,"White, non-Hispanic","Under $9,999",1,Liberal,40,15
2381,Republican,59,"White, non-Hispanic","$35,000-39,999",1,Conservative,15,100
2395,Republican,40,"White, non-Hispanic","$50,000-59,999",0,Liberal,85,30
2400,Republican,59,"White, non-Hispanic","$175,000-249,999",1,Conservative,50,50
2464,Republican,58,"White, non-Hispanic","$30,000-34,999",0,Conservative,60,40
2465,Republican,40,"White, non-Hispanic","$100,000-109,999",0,Conservative,50,40
2466,Independent,29,"White, non-Hispanic","$100,000-109,999",0,Liberal,45,15
2469,Independent,42,"White, non-Hispanic","$250,000 or more",0,Liberal,85,10
2479,Democrat,55,"White, non-Hispanic","$110,000-124,999",0,Liberal,85,15
2492,Democrat,80,"White, non-Hispanic","$15,000-19,999",0,Liberal,100,15
2503,Independent,34,"White, non-Hispanic","$80,000-89,999",0,Conservative,70,40
2510,Republican,67,"White, non-Hispanic","$70,000-74,999",0,Conservative,70,15
2526,Independent,56,"White, non-Hispanic","$40,000-44,999",1,Liberal,50,85
2549,Independent,70,"White, non-Hispanic","$15,000-19,999",1,Conservative,40,60
2555,Independent,70,"White, non-Hispanic","$25,000-29,999",1,Conservative,15,70
2556,Democrat,43,"White, non-Hispanic","$80,000-89,999",0,Conservative,50,40
2557,Republican,54,"White, non-Hispanic","$25,000-29,999",0,Liberal,60,50
2558,Republican,36,"White, non-Hispanic","$90,000-99,999",1,Conservative,15,85
2563,Independent,40,"White, non-Hispanic","$30,000-34,999",1,Conservative,30,70
2568,Democrat,26,"Black, non-Hispanic","$30,000-34,999",1,Conservative,50,30
2580,Republican,36,"White, non-Hispanic","$65,000-69,999",1,Liberal,40,70
2600,Democrat,61,"Native American/Alaska Native or other race, non-Hispanic","$250,000 or more",0,Conservative,85,60
2604,Democrat,32,"White, non-Hispanic","$150,000-174,999",0,Conservative,40,30
2625,Independent,45,"Black, non-Hispanic","$70,000-74,999",1,Liberal,50,85
2634,Independent,76,"White, non-Hispanic","$40,000-44,999",0,Conservative,60,15
2635,Democrat,71,"White, non-Hispanic","$30,000-34,999",0,Liberal,85,40
2642,Independent,37,"Black, non-Hispanic","$25,000-29,999",1,Liberal,85,60
2653,Democrat,24,"Asian or Native Hawaiian/other Pacific Islander, non-Hispanic","$65,000-69,999",0,Conservative,60,15
2660,Independent,43,"White, non-Hispanic","$80,000-89,999",1,Conservative,15,70
2661,Independent,38,Hispanic,"$175,000-249,999",0,Conservative,70,5
2678,Democrat,59,"Multiple races, non-Hispanic","Under $9,999",1,Liberal,30,85
2692,Democrat,59,"Black, non-Hispanic","$90,000-99,999",0,Liberal,85,30
2698,Independent,56,Hispanic,"$70,000-74,999",0,Conservative,40,30
2712,Independent,63,"Asian or Native Hawaiian/other Pacific Islander, non-Hispanic","$80,000-89,999",0,Liberal,70,30
2724,Democrat,35,"White, non-Hispanic","$10,000-14,999",1,Liberal,50,100
2726,Republican,59,"White, non-Hispanic","Under $9,999",1,Liberal,35,70
2741,Democrat,24,"White, non-Hispanic","$90,000-99,999",0,Liberal,60,30
2744,Democrat,68,"White, non-Hispanic","$250,000 or more",0,Conservative,50,85
2749,Democrat,37,Hispanic,"$10,000-14,999",0,Liberal,70,30
2752,Independent,26,"Multiple races, non-Hispanic","$175,000-249,999",1,Conservative,77,77
2763,Democrat,80,"White, non-Hispanic","Under $9,999",0,Conservative,60,70
2777,Independent,37,"Native American/Alaska Native or other race, non-Hispanic","$50,000-59,999",0,Conservative,50,50
2780,Democrat,31,"White, non-Hispanic","$75,000-79,999",0,Liberal,100,2
2825,Republican,74,"White, non-Hispanic","$110,000-124,999",1,Conservative,15,85
2833,Independent,65,"Asian or Native Hawaiian/other Pacific Islander, non-Hispanic","$100,000-109,999",0,Conservative,50,15
2845,Republican,80,"White, non-Hispanic","$20,000-24,999",1,Conservative,40,60
2867,Independent,37,"Black, non-Hispanic","Under $9,999",1,Liberal,60,15
2871,Independent,80,"White, non-Hispanic","Under $9,999",0,Liberal,100,15
2880,Democrat,65,"Black, non-Hispanic","Under $9,999",0,Conservative,85,60
2908,Democrat,73,"White, non-Hispanic","$65,000-69,999",1,Liberal,85,100
2913,Independent,59,"White, non-Hispanic","$125,000-149,999",0,Liberal,100,15
2930,Independent,34,"Multiple races, non-Hispanic","$50,000-59,999",1,Conservative,40,40
2945,Republican,80,"White, non-Hispanic","$25,000-29,999",1,Conservative,50,85
2948,Democrat,79,Hispanic,"$100,000-109,999",0,Conservative,100,15
2962,Independent,78,"Asian or Native Hawaiian/other Pacific Islander, non-Hispanic","$110,000-124,999",0,Conservative,70,30
2969,Independent,35,"White, non-Hispanic","$175,000-249,999",0,Conservative,60,60
2978,Independent,52,"White, non-Hispanic","$150,000-174,999",1,Conservative,15,60
2987,Independent,74,"White, non-Hispanic","$70,000-74,999",1,Conservative,15,70
2993,Democrat,58,"White, non-Hispanic","$45,000-49,999",1,Conservative,15,85
3032,Democrat,40,Hispanic,"$65,000-69,999",0,Liberal,100,40
3034,Democrat,50,"White, non-Hispanic","$40,000-44,999",0,Liberal,40,40
3044,Republican,56,"White, non-Hispanic","$65,000-69,999",1,Conservative,15,100
3049,Independent,68,"White, non-Hispanic","$100,000-109,999",0,Liberal,60,40
3050,Democrat,60,Hispanic,"$50,000-59,999",0,Conservative,90,30
3052,Democrat,59,"White, non-Hispanic","$150,000-174,999",1,Conservative,50,40
3063,Democrat,66,"White, non-Hispanic","$60,000-64,999",0,Liberal,100,100
3079,Independent,27,"White, non-Hispanic","$60,000-64,999",0,Conservative,70,8
3081,Independent,67,"White, non-Hispanic","$150,000-174,999",1,Conservative,15,40
3085,Independent,29,"White, non-Hispanic","$70,000-74,999",1,Conservative,15,60
3087,Republican,80,"White, non-Hispanic","Under $9,999",1,Conservative,15,85
3101,Independent,28,Hispanic,"$70,000-74,999",0,Liberal,75,15
3128,Democrat,41,Hispanic,"$100,000-109,999",0,Liberal,85,30
3149,Democrat,47,"White, non-Hispanic","$250,000 or more",0,Liberal,50,30
3150,Independent,77,"White, non-Hispanic","$75,000-79,999",0,Conservative,60,30
3152,Democrat,54,"White, non-Hispanic","$75,000-79,999",1,Conservative,50,70
3153,Republican,64,"White, non-Hispanic","$30,000-34,999",1,Conservative,50,85
3158,Democrat,29,"White, non-Hispanic","$175,000-249,999",0,Liberal,50,25
3189,Republican,66,"White, non-Hispanic","$125,000-149,999",0,Conservative,40,40
3191,Republican,67,"White, non-Hispanic","$100,000-109,999",0,Conservative,50,15
3198,Democrat,54,"Black, non-Hispanic","$50,000-59,999",0,Liberal,85,60
3199,Democrat,65,"Black, non-Hispanic","$15,000-19,999",0,Conservative,70,30
3209,Republican,75,"White, non-Hispanic","$30,000-34,999",1,Conservative,40,70
3224,Democrat,40,Hispanic,"$75,000-79,999",1,Conservative,50,100
3232,Independent,59,"Multiple races, non-Hispanic","$100,000-109,999",1,Conservative,50,70
3236,Republican,56,"White, non-Hispanic","$15,000-19,999",1,Conservative,30,85
3247,Republican,42,"White, non-Hispanic","$100,000-109,999",1,Conservative,15,60
3260,Republican,35,"White, non-Hispanic","$70,000-74,999",1,Conservative,50,50
3263,Independent,30,"Asian or Native Hawaiian/other Pacific Islander, non-Hispanic","$250,000 or more",0,Conservative,70,30
3265,Democrat,72,"White, non-Hispanic","$20,000-24,999",0,Liberal,85,15
3281,Independent,25,"White, non-Hispanic","$100,000-109,999",1,Conservative,70,70
3290,Independent,70,"White, non-Hispanic","$40,000-44,999",1,Conservative,60,85
3301,Independent,35,"White, non-Hispanic","$100,000-109,999",0,Liberal,70,15
3316,Independent,63,"White, non-Hispanic","Under $9,999",1,Conservative,30,70
3333,Republican,63,"White, non-Hispanic","$60,000-64,999",0,Conservative,50,85
3337,Republican,43,"White, non-Hispanic","$110,000-124,999",1,Conservative,30,90
3355,Independent,39,"White, non-Hispanic","$100,000-109,999",0,Liberal,70,30
3362,Republican,50,"Asian or Native Hawaiian/other Pacific Islander, non-Hispanic","$50,000-59,999",1,Liberal,70,85
3418,Democrat,59,"White, non-Hispanic","$150,000-174,999",1,Conservative,70,70
3444,Independent,73,"White, non-Hispanic","$110,000-124,999",0,Conservative,85,30
3468,Republican,50,"Asian or Native Hawaiian/other Pacific Islander, non-Hispanic","$175,000-249,999",0,Conservative,50,30
3472,Independent,53,"White, non-Hispanic","$50,000-59,999",1,Conservative,30,60
3516,Republican,53,"White, non-Hispanic","$80,000-89,999",1,Liberal,40,60
3519,Independent,74,"White, non-Hispanic","$60,000-64,999",0,Conservative,60,50
3538,Independent,63,"White, non-Hispanic","$30,000-34,999",1,Liberal,30,85
3543,Republican,49,"White, non-Hispanic","$50,000-59,999",0,Conservative,60,40
3553,Independent,59,"White, non-Hispanic","$150,000-174,999",1,Conservative,15,60
3557,Independent,60,"White, non-Hispanic","$10,000-14,999",1,Conservative,30,85
3563,Democrat,80,"Asian or Native Hawaiian/other Pacific Islander, non-Hispanic","$110,000-124,999",0,Liberal,60,50
3581,Independent,20,"White, non-Hispanic","Under $9,999",1,Conservative,60,60
3598,Independent,51,"White, non-Hispanic","$250,000 or more",1,Conservative,30,60
3632,Republican,35,"White, non-Hispanic","$175,000-249,999",0,Conservative,30,50
3642,Independent,50,"Black, non-Hispanic","$30,000-34,999",0,Conservative,85,50
3657,Republican,54,"White, non-Hispanic","$80,000-89,999",0,Conservative,75,25
3661,Independent,67,"White, non-Hispanic","$50,000-59,999",1,Conservative,15,85
3667,Republican,74,"White, non-Hispanic","Under $9,999",1,Conservative,40,85
3671,Independent,47,"Asian or Native Hawaiian/other Pacific Islander, non-Hispanic","$50,000-59,999",1,Conservative,15,70
3676,Republican,52,"Black, non-Hispanic","$60,000-64,999",1,Conservative,15,100
3691,Independent,54,"White, non-Hispanic","$110,000-124,999",1,Conservative,30,70
3692,Independent,39,"White, non-Hispanic","$100,000-109,999",0,Liberal,85,5
3711,Independent,54,Hispanic,"Under $9,999",1,Liberal,50,60
3719,Democrat,80,"Black, non-Hispanic","$150,000-174,999",0,Conservative,70,50
3725,Democrat,54,"Black, non-Hispanic","$250,000 or more",0,Conservative,85,30
3728,Independent,65,"White, non-Hispanic","$60,000-64,999",0,Conservative,60,15
3737,Democrat,56,"White, non-Hispanic","$90,000-99,999",0,Conservative,100,30
3744,Democrat,50,Hispanic,"$80,000-89,999",1,Liberal,50,85
3756,Independent,55,"White, non-Hispanic","Under $9,999",1,Conservative,20,100
3767,Democrat,19,Hispanic,"Under $9,999",0,Conservative,70,15
3778,Independent,30,Hispanic,"$175,000-249,999",0,Liberal,85,15
3785,Democrat,50,"White, non-Hispanic","$100,000-109,999",1,Conservative,30,75
3796,Independent,18,"Black, non-Hispanic","$60,000-64,999",0,Conservative,50,40
3800,Independent,37,"White, non-Hispanic","$50,000-59,999",1,Conservative,50,30
3810,Independent,42,Hispanic,"$70,000-74,999",0,Conservative,65,50
3823,Independent,80,"White, non-Hispanic","$60,000-64,999",0,Conservative,4,6
3829,Democrat,35,"Black, non-Hispanic","$60,000-64,999",0,Liberal,100,60
3846,Independent,32,"White, non-Hispanic","$175,000-249,999",0,Liberal,60,15
3851,Independent,23,"White, non-Hispanic","$100,000-109,999",1,Conservative,20,80
3882,Independent,27,"White, non-Hispanic","$60,000-64,999",0,Liberal,40,30
3910,Other,43,"White, non-Hispanic","$125,000-149,999",1,Conservative,30,100
3918,Independent,40,"White, non-Hispanic","$250,000 or more",0,Liberal,60,30
3923,Independent,41,Hispanic,"$25,000-29,999",1,Conservative,100,100
3930,Democrat,76,"Asian or Native Hawaiian/other Pacific Islander, non-Hispanic","Under $9,999",0,Conservative,70,60
3947,Independent,25,"White, non-Hispanic","$20,000-24,999",0,Liberal,40,30
3958,Independent,26,"White, non-Hispanic","$35,000-39,999",0,Liberal,60,15
3964,Republican,56,"White, non-Hispanic","$125,000-149,999",1,Conservative,30,85
3989,Independent,20,"White, non-Hispanic","Under $9,999",0,Liberal,40,50
3992,Independent,61,"White, non-Hispanic","$65,000-69,999",1,Conservative,40,85
3993,Independent,29,"White, non-Hispanic","$15,000-19,999",0,Conservative,50,50
4010,Republican,47,"White, non-Hispanic","$150,000-174,999",1,Conservative,15,90
4031,Democrat,47,"White, non-Hispanic","$175,000-249,999",0,Liberal,70,15
4039,Independent,54,"Multiple races, non-Hispanic","$50,000-59,999",1,Conservative,30,80
4053,Democrat,48,"Multiple races, non-Hispanic","Under $9,999",0,Conservative,100,15
4068,Independent,28,"Multiple races, non-Hispanic","$40,000-44,999",0,Liberal,60,10
4071,Republican,62,"White, non-Hispanic","$100,000-109,999",1,Conservative,60,15
4082,Republican,34,"White, non-Hispanic","$60,000-64,999",1,Conservative,30,70
4087,Democrat,56,"White, non-Hispanic","$60,000-64,999",0,Conservative,60,15
4103,Republican,55,"White, non-Hispanic","$90,000-99,999",1,Conservative,40,85
4111,Republican,36,"White, non-Hispanic","$15,000-19,999",0,Conservative,65,10
4117,Independent,40,"White, non-Hispanic","$50,000-59,999",1,Conservative,70,70
4119,Independent,45,"Black, non-Hispanic","$50,000-59,999",0,Conservative,50,50
4121,Independent,27,"White, non-Hispanic","Under $9,999",0,Liberal,60,30
4126,Independent,60,"White, non-Hispanic","$250,000 or more",0,Conservative,70,15
4172,Democrat,62,"White, non-Hispanic","$65,000-69,999",0,Liberal,85,15
4204,Independent,51,"White, non-Hispanic","$125,000-149,999",0,Liberal,85,15
4217,Independent,37,Hispanic,"$30,000-34,999",0,Liberal,100,15
4221,Independent,36,"Black, non-Hispanic","$250,000 or more",1,Liberal,50,70
4227,Republican,73,"White, non-Hispanic","$30,000-34,999",1,Conservative,30,85
4238,Republican,64,"White, non-Hispanic","$30,000-34,999",1,Liberal,50,100
4239,Other,19,Hispanic,"Under $9,999",0,Liberal,50,50
4240,Independent,42,"Multiple races, non-Hispanic","$60,000-64,999",1,Conservative,40,60
4260,Independent,38,Hispanic,"$60,000-64,999",1,Liberal,50,60
4266,Democrat,20,"Multiple races, non-Hispanic","Under $9,999",0,Liberal,50,15
4282,Independent,29,"White, non-Hispanic","$80,000-89,999",1,Conservative,30,60
4283,Democrat,37,"White, non-Hispanic","$150,000-174,999",1,Liberal,30,70
4295,Independent,60,Hispanic,"$45,000-49,999",0,Liberal,70,15
4302,Republican,58,"White, non-Hispanic","Under $9,999",1,Conservative,50,100
4309,Independent,47,"White, non-Hispanic","$40,000-44,999",0,Conservative,60,15
4342,Independent,45,"White, non-Hispanic","$65,000-69,999",1,Liberal,30,70
4344,Republican,21,"White, non-Hispanic","Under $9,999",0,Liberal,50,60
4364,Independent,61,"White, non-Hispanic","$40,000-44,999",0,Liberal,70,30
4366,Independent,65,"White, non-Hispanic","Under $9,999",0,Liberal,70,30
4379,Republican,39,"White, non-Hispanic","Under $9,999",0,Conservative,50,15
4381,Independent,55,"White, non-Hispanic","$20,000-24,999",0,Liberal,70,35
4388,Independent,38,"White, non-Hispanic","Under $9,999",0,Liberal,50,30
4418,Democrat,39,"White, non-Hispanic","$150,000-174,999",0,Conservative,50,15
4423,Independent,26,Hispanic,"$30,000-34,999",0,Conservative,85,30
4457,Independent,37,"Multiple races, non-Hispanic","$30,000-34,999",0,Conservative,50,40
4478,Independent,69,Hispanic,"$50,000-59,999",0,Conservative,70,15
4483,Republican,60,"White, non-Hispanic","$30,000-34,999",1,Liberal,30,85
4486,Independent,45,"White, non-Hispanic","$75,000-79,999",1,Conservative,40,60
4518,Republican,56,"White, non-Hispanic","$80,000-89,999",1,Conservative,30,85
4559,Republican,53,"White, non-Hispanic","$10,000-14,999",1,Conservative,15,60
4568,Democrat,50,"Native American/Alaska Native or other race, non-Hispanic","Under $9,999",0,Conservative,100,30
4570,Independent,71,"White, non-Hispanic","$50,000-59,999",0,Conservative,40,50
4591,Democrat,65,Hispanic,"$30,000-34,999",0,Liberal,40,15
4611,Independent,27,"White, non-Hispanic","$20,000-24,999",0,Conservative,40,15
4617,Independent,41,"Black, non-Hispanic","$150,000-174,999",0,Liberal,70,30
4624,Republican,58,"White, non-Hispanic","$45,000-49,999",1,Conservative,30,85
4633,Democrat,45,"White, non-Hispanic","$110,000-124,999",1,Liberal,70,70
4636,Democrat,73,"White, non-Hispanic","$110,000-124,999",1,Liberal,40,85
4641,Republican,18,"White, non-Hispanic","$250,000 or more",1,Conservative,40,70
4643,Independent,50,"White, non-Hispanic","$65,000-69,999",0,Liberal,70,30
4648,Democrat,30,Hispanic,"$20,000-24,999",0,Liberal,50,50
4657,Republican,44,"White, non-Hispanic","Under $9,999",1,Conservative,15,85
4681,Democrat,62,"White, non-Hispanic","$30,000-34,999",1,Conservative,40,60
4718,Independent,47,"White, non-Hispanic","$250,000 or more",0,Liberal,65,1
4728,Democrat,40,"White, non-Hispanic","$50,000-59,999",1,Liberal,40,60
4746,Democrat,66,"White, non-Hispanic","$75,000-79,999",0,Liberal,90,5
4748,Republican,40,"Asian or Native Hawaiian/other Pacific Islander, non-Hispanic","$30,000-34,999",1,Conservative,50,100
4760,Republican,48,"White, non-Hispanic","$175,000-249,999",1,Conservative,25,100
4762,Republican,79,"White, non-Hispanic","$30,000-34,999",1,Conservative,15,85
4780,Independent,53,Hispanic,"$250,000 or more",0,Conservative,60,15
4795,Independent,64,"White, non-Hispanic","$40,000-44,999",0,Liberal,65,15
4808,Independent,40,"Native American/Alaska Native or other race, non-Hispanic","$80,000-89,999",0,Conservative,60,40
4827,Independent,46,"White, non-Hispanic","$70,000-74,999",1,Conservative,50,70
4834,Independent,61,"White, non-Hispanic","$150,000-174,999",1,Conservative,60,70
4847,Republican,68,Hispanic,"Under $9,999",0,Liberal,100,30
4859,Republican,47,"White, non-Hispanic","$125,000-149,999",1,Conservative,30,75
4878,Independent,69,"White, non-Hispanic","$30,000-34,999",1,Conservative,40,40
4891,Independent,53,"Asian or Native Hawaiian/other Pacific Islander, non-Hispanic","Under $9,999",0,Conservative,70,10
4898,Independent,57,"White, non-Hispanic","$20,000-24,999",0,Conservative,40,15
4902,Democrat,48,"Black, non-Hispanic","$100,000-109,999",0,Liberal,90,20
4912,Independent,30,"Black, non-Hispanic","$50,000-59,999",0,Conservative,15,60
4925,Independent,65,"White, non-Hispanic","$45,000-49,999",0,Conservative,70,15
4945,Independent,46,Hispanic,"$15,000-19,999",0,Conservative,60,60
4967,Democrat,55,Hispanic,"$70,000-74,999",0,Liberal,60,15
4989,Democrat,37,Hispanic,"$80,000-89,999",0,Conservative,60,40
4994,Independent,55,"White, non-Hispanic","$175,000-249,999",0,Conservative,60,30
5000,Republican,66,"White, non-Hispanic","$110,000-124,999",1,Conservative,15,100
5024,Democrat,68,"Asian or Native Hawaiian/other Pacific Islander, non-Hispanic","$150,000-174,999",0,Conservative,60,40
5025,Democrat,35,"White, non-Hispanic","$175,000-249,999",0,Conservative,40,40
5050,Democrat,65,Hispanic,"$30,000-34,999",0,Conservative,50,40
5069,Independent,59,"White, non-Hispanic","$20,000-24,999",1,Conservative,70,85
5078,Democrat,71,"Black, non-Hispanic","$45,000-49,999",0,Liberal,85,15
5130,Independent,35,"White, non-Hispanic","$20,000-24,999",1,Conservative,40,50
5137,Independent,44,"White, non-Hispanic","$100,000-109,999",0,Liberal,51,29
5139,Independent,48,"White, non-Hispanic","$60,000-64,999",1,Liberal,40,70
5149,Independent,66,"White, non-Hispanic","$45,000-49,999",0,Conservative,30,100
5153,Independent,37,"White, non-Hispanic","$100,000-109,999",1,Conservative,30,40
5158,Republican,39,"White, non-Hispanic","$250,000 or more",1,Conservative,50,60
5161,Republican,32,"White, non-Hispanic","$30,000-34,999",1,Conservative,50,85
5176,Independent,33,"White, non-Hispanic","$110,000-124,999",0,Liberal,55,2
5198,Independent,66,"White, non-Hispanic","$100,000-109,999",1,Conservative,30,85
5217,Independent,80,"White, non-Hispanic","$40,000-44,999",1,Conservative,50,70
5221,Democrat,70,"White, non-Hispanic","$40,000-44,999",1,Conservative,50,85
5244,Democrat,42,"Black, non-Hispanic","$150,000-174,999",0,Conservative,60,15
5260,Republican,58,"White, non-Hispanic","$110,000-124,999",1,Liberal,50,100
5314,Independent,62,"White, non-Hispanic","$110,000-124,999",1,Conservative,40,60
5319,Republican,40,"White, non-Hispanic","$150,000-174,999",1,Liberal,30,70
5327,Republican,66,"White, non-Hispanic","$35,000-39,999",1,Liberal,40,40
5330,Independent,48,"White, non-Hispanic","$110,000-124,999",1,Conservative,50,70
5344,Republican,80,"White, non-Hispanic","$150,000-174,999",0,Conservative,90,15
5361,Republican,60,"Asian or Native Hawaiian/other Pacific Islander, non-Hispanic","$25,000-29,999",1,Conservative,50,100
5373,Republican,22,"White, non-Hispanic","$110,000-124,999",1,Liberal,30,70
5380,Independent,50,"White, non-Hispanic","$150,000-174,999",0,Conservative,70,40
5396,Other,56,"Native American/Alaska Native or other race, non-Hispanic","Under $9,999",1,Conservative,50,50
5402,Independent,60,"White, non-Hispanic","$80,000-89,999",0,Liberal,85,15
5405,Independent,35,"White, non-Hispanic","$65,000-69,999",0,Conservative,60,40
5408,Democrat,56,"White, non-Hispanic","$10,000-14,999",0,Conservative,40,60
5434,Republican,65,"White, non-Hispanic","$125,000-149,999",1,Conservative,30,100
5440,Republican,38,"White, non-Hispanic","$65,000-69,999",1,Conservative,60,50
5449,Independent,51,"Multiple races, non-Hispanic","Under $9,999",0,Conservative,50,70
5484,Republican,30,"White, non-Hispanic","$125,000-149,999",1,Conservative,15,80
5510,Independent,41,"White, non-Hispanic","$250,000 or more",0,Liberal,52,20
5525,Independent,26,"White, non-Hispanic","$150,000-174,999",1,Conservative,40,35
5540,Independent,59,Hispanic,"$50,000-59,999",1,Conservative,50,60
5549,Democrat,80,"White, non-Hispanic","$35,000-39,999",0,Conservative,60,40
5562,Democrat,80,"White, non-Hispanic","$75,000-79,999",0,Conservative,70,30
5567,Republican,30,"White, non-Hispanic","$100,000-109,999",1,Conservative,50,65
5569,Independent,40,"White, non-Hispanic","$80,000-89,999",0,Conservative,55,45
5578,Independent,23,"Black, non-Hispanic","$40,000-44,999",0,Liberal,15,15
5580,Independent,38,"Asian or Native Hawaiian/other Pacific Islander, non-Hispanic","$250,000 or more",1,Conservative,40,60
5583,Independent,57,"White, non-Hispanic","$100,000-109,999",1,Conservative,15,100
5596,Republican,58,"White, non-Hispanic","$90,000-99,999",1,Conservative,50,50
5599,Democrat,35,Hispanic,"$20,000-24,999",0,Conservative,100,50
5620,Independent,65,"White, non-Hispanic","$45,000-49,999",0,Conservative,85,15
5626,Democrat,47,Hispanic,"Under $9,999",0,Conservative,60,10
5642,Republican,51,"White, non-Hispanic","$150,000-174,999",1,Conservative,15,85
5643,Independent,76,"White, non-Hispanic","$25,000-29,999",0,Conservative,50,70
5644,Independent,38,"White, non-Hispanic","$250,000 or more",1,Conservative,60,60
5649,Republican,47,"White, non-Hispanic","$175,000-249,999",1,Liberal,15,85
5651,Independent,44,"White, non-Hispanic","$50,000-59,999",0,Liberal,75,10
5674,Independent,27,Hispanic,"$125,000-149,999",1,Conservative,40,60
5700,Independent,56,"White, non-Hispanic","$70,000-74,999",0,Liberal,70,30
5710,Independent,57,"White, non-Hispanic","$10,000-14,999",0,Liberal,50,50
5711,Other,34,"White, non-Hispanic","$100,000-109,999",1,Conservative,60,75
5720,Independent,54,"White, non-Hispanic","$80,000-89,999",1,Conservative,70,70
5728,Republican,68,"White, non-Hispanic","Under $9,999",1,Liberal,15,85
5734,Independent,75,"White, non-Hispanic","Under $9,999",0,Conservative,60,40
5759,Democrat,55,Hispanic,"$20,000-24,999",0,Liberal,60,40
5764,Independent,45,"White, non-Hispanic","$80,000-89,999",0,Liberal,70,15
5787,Republican,44,"Multiple races, non-Hispanic","$100,000-109,999",1,Conservative,40,15
5800,Independent,77,"Asian or Native Hawaiian/other Pacific Islander, non-Hispanic","$90,000-99,999",0,Liberal,85,40
5805,Independent,80,"White, non-Hispanic","$35,000-39,999",0,Conservative,85,5
5835,Independent,48,"White, non-Hispanic","$80,000-89,999",0,Conservative,50,60
5844,Republican,51,"Asian or Native Hawaiian/other Pacific Islander, non-Hispanic","$100,000-109,999",1,Conservative,50,60
5858,Republican,31,"White, non-Hispanic","$100,000-109,999",1,Conservative,40,60
5859,Independent,33,"White, non-Hispanic","$80,000-89,999",0,Liberal,70,15
5894,Independent,79,"White, non-Hispanic","$20,000-24,999",0,Conservative,70,30
5896,Independent,73,"White, non-Hispanic","$40,000-44,999",0,Liberal,60,40
5900,Democrat,68,"Black, non-Hispanic","$125,000-149,999",0,Liberal,85,15
5902,Republican,61,"White, non-Hispanic","$100,000-109,999",1,Conservative,10,80
5904,Republican,53,"White, non-Hispanic","$80,000-89,999",1,Conservative,15,100
5908,Independent,69,"White, non-Hispanic","$40,000-44,999",0,Conservative,60,30
5925,Republican,60,"Asian or Native Hawaiian/other Pacific Islander, non-Hispanic","$40,000-44,999",1,Conservative,50,90
5934,Democrat,65,"White, non-Hispanic","$35,000-39,999",0,Liberal,85,30
5950,Independent,43,Hispanic,"$40,000-44,999",1,Liberal,60,70
5954,Independent,50,"White, non-Hispanic","$100,000-109,999",1,Conservative,40,50
5965,Democrat,68,Hispanic,"$60,000-64,999",0,Conservative,30,15
5971,Independent,32,"White, non-Hispanic","$35,000-39,999",0,Liberal,60,15
5974,Republican,26,"Black, non-Hispanic","Under $9,999",0,Liberal,70,15
5995,Republican,80,"White, non-Hispanic","$20,000-24,999",1,Conservative,60,70
5997,Independent,80,"Native American/Alaska Native or other race, non-Hispanic","Under $9,999",0,Liberal,40,15
6022,Republican,45,"Native American/Alaska Native or other race, non-Hispanic","$100,000-109,999",1,Liberal,30,50
6032,Republican,68,"White, non-Hispanic","$20,000-24,999",1,Liberal,40,80
6033,Independent,44,Hispanic,"$35,000-39,999",1,Conservative,15,85
6037,Independent,26,Hispanic,"$40,000-44,999",1,Conservative,26,56
6042,Independent,20,Hispanic,"$10,000-14,999",0,Liberal,70,15
6095,Independent,51,"Black, non-Hispanic","$10,000-14,999",0,Liberal,70,30
6102,Independent,31,"Native American/Alaska Native or other race, non-Hispanic","$75,000-79,999",0,Liberal,50,10
6103,Independent,62,"White, non-Hispanic","$15,000-19,999",1,Liberal,60,95
6109,Independent,34,"White, non-Hispanic","Under $9,999",0,Conservative,60,50
6118,Independent,25,"White, non-Hispanic","$60,000-64,999",0,Conservative,40,15
6129,Independent,49,"White, non-Hispanic","$250,000 or more",1,Conservative,50,60
6156,Republican,57,"White, non-Hispanic","$25,000-29,999",1,Conservative,40,70
6172,Republican,69,"White, non-Hispanic","$20,000-24,999",1,Conservative,30,85
6181,Democrat,71,"Black, non-Hispanic","Under $9,999",0,Conservative,95,65
6186,Democrat,70,"Black, non-Hispanic","$25,000-29,999",0,Conservative,60,40
6206,Democrat,74,"Black, non-Hispanic","$10,000-14,999",0,Liberal,85,15
6243,Republican,30,"White, non-Hispanic","$10,000-14,999",1,Liberal,50,60
6262,Democrat,39,Hispanic,"$45,000-49,999",0,Conservative,60,30
6271,Republican,24,"White, non-Hispanic","$250,000 or more",0,Conservative,30,25
6287,Independent,71,"White, non-Hispanic","Under $9,999",0,Conservative,70,50
6308,Democrat,18,"Black, non-Hispanic","Under $9,999",0,Conservative,70,40
6330,Independent,31,"White, non-Hispanic","$80,000-89,999",0,Liberal,60,30
6333,Democrat,74,"Multiple races, non-Hispanic","$45,000-49,999",0,Conservative,100,50
6344,Democrat,41,"Asian or Native Hawaiian/other Pacific Islander, non-Hispanic","$175,000-249,999",0,Liberal,70,60
6346,Republican,50,"Black, non-Hispanic","$40,000-44,999",0,Conservative,60,85
6349,Independent,25,"White, non-Hispanic","$125,000-149,999",1,Liberal,40,15
6359,Democrat,76,"White, non-Hispanic","$25,000-29,999",0,Conservative,50,40
6366,Independent,44,Hispanic,"$70,000-74,999",0,Conservative,70,15
6367,Independent,36,"White, non-Hispanic","$35,000-39,999",1,Liberal,40,60
6371,Democrat,25,Hispanic,"Under $9,999",0,Liberal,30,70
6378,Independent,75,"White, non-Hispanic","$110,000-124,999",1,Conservative,30,85
6401,Republican,34,"White, non-Hispanic","$100,000-109,999",0,Conservative,40,70
6404,Independent,44,"White, non-Hispanic","$20,000-24,999",0,Conservative,30,40
6410,Independent,58,"White, non-Hispanic","$90,000-99,999",0,Conservative,50,15
6413,Independent,53,"White, non-Hispanic","$15,000-19,999",1,Conservative,50,85
6414,Democrat,65,Hispanic,"$30,000-34,999",0,Conservative,85,30
6429,Independent,59,"White, non-Hispanic","$150,000-174,999",0,Liberal,70,15
6433,Republican,52,"White, non-Hispanic","$20,000-24,999",0,Conservative,70,30
6446,Democrat,80,"Asian or Native Hawaiian/other Pacific Islander, non-Hispanic","Under $9,999",1,Conservative,50,70
6458,Republican,34,"White, non-Hispanic","$80,000-89,999",0,Conservative,40,40
6476,Republican,72,"White, non-Hispanic","$150,000-174,999",0,Conservative,85,15
6479,Democrat,30,"Black, non-Hispanic","Under $9,999",0,Liberal,85,15
6496,Republican,35,"White, non-Hispanic","$50,000-59,999",0,Conservative,30,30
6510,Republican,40,"White, non-Hispanic","$250,000 or more",1,Conservative,15,70
6519,Republican,72,"White, non-Hispanic","$10,000-14,999",0,Conservative,50,70
6526,Democrat,80,"White, non-Hispanic","$75,000-79,999",0,Liberal,70,25
6527,Other,29,"White, non-Hispanic","$100,000-109,999",1,Conservative,50,50
6542,Independent,35,"White, non-Hispanic","$80,000-89,999",1,Liberal,2,98
6563,Democrat,69,"Black, non-Hispanic","$90,000-99,999",0,Conservative,70,40
6566,Republican,32,"White, non-Hispanic","Under $9,999",1,Conservative,50,80
6590,Independent,78,"Native American/Alaska Native or other race, non-Hispanic","$90,000-99,999",1,Conservative,40,85
6597,Independent,69,"White, non-Hispanic","$70,000-74,999",1,Conservative,30,85
6612,Democrat,53,"Black, non-Hispanic","$80,000-89,999",0,Liberal,85,30
6614,Democrat,79,"White, non-Hispanic","$20,000-24,999",0,Conservative,100,15
6619,Independent,56,"Multiple races, non-Hispanic","$150,000-174,999",0,Liberal,100,15
6641,Republican,65,"White, non-Hispanic","$30,000-34,999",1,Conservative,30,85
6644,Republican,58,"White, non-Hispanic","$110,000-124,999",1,Conservative,50,70
6672,Independent,19,"Asian or Native Hawaiian/other Pacific Islander, non-Hispanic","$175,000-249,999",0,Conservative,25,20
6678,Democrat,79,"White, non-Hispanic","$75,000-79,999",0,Conservative,85,15
6690,Independent,67,"Native American/Alaska Native or other race, non-Hispanic","$40,000-44,999",1,Conservative,30,85
6695,Democrat,51,"Black, non-Hispanic","Under $9,999",0,Liberal,100,85
6709,Republican,59,"White, non-Hispanic","$150,000-174,999",1,Conservative,15,70
6710,Democrat,71,"White, non-Hispanic","$25,000-29,999",0,Liberal,50,40
6711,Republican,73,"White, non-Hispanic","$60,000-64,999",1,Conservative,15,70
6726,Democrat,59,"White, non-Hispanic","$20,000-24,999",0,Conservative,70,40
6728,Democrat,69,"White, non-Hispanic","Under $9,999",0,Moderate,85,15
6763,Republican,48,"White, non-Hispanic","$45,000-49,999",0,Liberal,50,70
6766,Independent,52,"White, non-Hispanic","Under $9,999",0,Conservative,85,40
6769,Independent,55,"White, non-Hispanic","$175,000-249,999",1,Conservative,50,70
6776,Republican,63,"White, non-Hispanic","Under $9,999",1,Conservative,50,100
6800,Independent,38,"White, non-Hispanic","$110,000-124,999",1,Liberal,15,85
6814,Democrat,61,Hispanic,"$50,000-59,999",0,Conservative,70,15
6816,Independent,65,"Black, non-Hispanic","$250,000 or more",0,Conservative,70,15
6828,Independent,52,"White, non-Hispanic","$250,000 or more",1,Conservative,40,70
6839,Republican,26,"White, non-Hispanic","$70,000-74,999",1,Conservative,15,50
6847,Independent,69,"White, non-Hispanic","$20,000-24,999",1,Conservative,30,100
6853,Republican,69,"White, non-Hispanic","$60,000-64,999",0,Conservative,50,40
6856,Independent,70,"Native American/Alaska Native or other race, non-Hispanic","$90,000-99,999",1,Conservative,15,40
6857,Democrat,46,"Asian or Native Hawaiian/other Pacific Islander, non-Hispanic","$125,000-149,999",0,Liberal,60,50
6875,Independent,59,"White, non-Hispanic","$250,000 or more",0,Liberal,50,60
6885,Independent,45,"Asian or Native Hawaiian/other Pacific Islander, non-Hispanic","$15,000-19,999",1,Conservative,60,60
6900,Republican,67,"White, non-Hispanic","$30,000-34,999",0,Conservative,85,15
6904,Democrat,34,"Asian or Native Hawaiian/other Pacific Islander, non-Hispanic","$175,000-249,999",0,Conservative,85,15
6905,Independent,35,"White, non-Hispanic","Under $9,999",0,Liberal,35,35
6930,Democrat,60,"Black, non-Hispanic","$70,000-74,999",0,Conservative,70,15
6931,Independent,46,"White, non-Hispanic","$125,000-149,999",0,Conservative,70,15
6937,Democrat,77,"White, non-Hispanic","$30,000-34,999",0,Liberal,90,20
6943,Democrat,75,Hispanic,"$20,000-24,999",0,Conservative,60,40
6954,Republican,56,"White, non-Hispanic","$125,000-149,999",1,Conservative,15,15
6963,Republican,52,"White, non-Hispanic","$25,000-29,999",1,Conservative,15,85
6965,Independent,35,Hispanic,"$125,000-149,999",0,Liberal,60,30
6975,Democrat,71,"White, non-Hispanic","$80,000-89,999",0,Liberal,85,15
6986,Republican,48,"White, non-Hispanic","$175,000-249,999",0,Conservative,50,3
6989,Democrat,39,"Black, non-Hispanic","$25,000-29,999",0,Liberal,85,15
6997,Independent,56,"White, non-Hispanic","$175,000-249,999",0,Liberal,60,40
7015,Independent,37,"White, non-Hispanic","Under $9,999",0,Conservative,60,30
7029,Democrat,77,"White, non-Hispanic","$80,000-89,999",0,Conservative,85,40
7046,Democrat,55,"White, non-Hispanic","$90,000-99,999",0,Liberal,95,3
7062,Independent,36,"White, non-Hispanic","$175,000-249,999",0,Liberal,60,30
7068,Independent,35,"White, non-Hispanic","$250,000 or more",0,Conservative,30,15
7070,Independent,35,"Asian or Native Hawaiian/other Pacific Islander, non-Hispanic","$175,000-249,999",1,Conservative,50,60
7077,Independent,37,"White, non-Hispanic","$90,000-99,999",1,Conservative,30,60
7083,Independent,25,"White, non-Hispanic","Under $9,999",0,Liberal,85,15
7120,Democrat,57,"White, non-Hispanic","$250,000 or more",0,Conservative,36,35
7132,Republican,55,"White, non-Hispanic","$15,000-19,999",0,Conservative,60,15
7140,Democrat,80,"White, non-Hispanic","$60,000-64,999",1,Liberal,50,40
7141,Independent,57,Hispanic,"$50,000-59,999",0,Conservative,50,50
7142,Republican,80,"White, non-Hispanic","$30,000-34,999",1,Conservative,30,100
7146,Democrat,67,"White, non-Hispanic","Under $9,999",0,Liberal,70,70
7155,Republican,60,"White, non-Hispanic","$100,000-109,999",1,Conservative,15,100
7175,Republican,80,"White, non-Hispanic","$60,000-64,999",1,Conservative,40,85
7180,Independent,22,"White, non-Hispanic","$90,000-99,999",1,Conservative,15,80
7194,Republican,51,"White, non-Hispanic","$50,000-59,999",0,Liberal,60,15
7225,Other,50,Hispanic,"$20,000-24,999",0,Conservative,85,35
7238,Democrat,30,"White, non-Hispanic","$110,000-124,999",0,Liberal,60,10
7250,Independent,38,"White, non-Hispanic","$100,000-109,999",1,Conservative,60,90
7259,Independent,54,"Multiple races, non-Hispanic","$10,000-14,999",1,Liberal,50,100
7277,Independent,48,"White, non-Hispanic","$100,000-109,999",1,Conservative,50,70
7297,Democrat,40,Hispanic,"Under $9,999",0,Conservative,85,15
7318,Independent,68,"White, non-Hispanic","$70,000-74,999",0,Conservative,40,40
7328,Republican,70,"White, non-Hispanic","$50,000-59,999",1,Conservative,15,85
7343,Independent,47,"White, non-Hispanic","$75,000-79,999",0,Conservative,30,15
7345,Republican,72,"White, non-Hispanic","$80,000-89,999",0,Conservative,15,85
7363,Independent,37,Hispanic,"$90,000-99,999",0,Liberal,60,15
7376,Independent,74,"White, non-Hispanic","$45,000-49,999",0,Liberal,50,60
7377,Democrat,77,"White, non-Hispanic","$35,000-39,999",0,Conservative,85,15
7379,Independent,35,"Black, non-Hispanic","Under $9,999",0,Conservative,100,50
7387,Democrat,60,"Native American/Alaska Native or other race, non-Hispanic","$80,000-89,999",0,Liberal,95,40
7388,Independent,18,"White, non-Hispanic","$90,000-99,999",0,Conservative,70,50
7417,Independent,48,"White, non-Hispanic","$35,000-39,999",0,Conservative,65,20
7420,Democrat,41,"White, non-Hispanic","$25,000-29,999",0,Liberal,100,50
7421,Independent,35,"White, non-Hispanic","$15,000-19,999",1,Liberal,15,70
7441,Independent,68,"White, non-Hispanic","$10,000-14,999",0,Liberal,70,15
7444,Democrat,48,"Black, non-Hispanic","Under $9,999",0,Liberal,85,30
7450,Republican,78,"White, non-Hispanic","$15,000-19,999",1,Conservative,15,100
7457,Republican,30,"White, non-Hispanic","Under $9,999",0,Liberal,70,70
7471,Independent,42,"White, non-Hispanic","$30,000-34,999",0,Liberal,60,50
7498,Independent,36,"White, non-Hispanic","$90,000-99,999",0,Conservative,65,70
7502,Republican,65,"White, non-Hispanic","$100,000-109,999",1,Conservative,15,70
7506,Democrat,74,"White, non-Hispanic","$90,000-99,999",1,Liberal,30,70
7525,Independent,55,Hispanic,"$30,000-34,999",0,Conservative,50,60
7540,Democrat,57,"Black, non-Hispanic","$150,000-174,999",0,Moderate,85,15
7571,Independent,50,"White, non-Hispanic","$15,000-19,999",1,Conservative,15,100
7579,Democrat,30,Hispanic,"$75,000-79,999",0,Liberal,85,15
7583,Independent,19,Hispanic,"$35,000-39,999",0,Liberal,85,15
7588,Independent,43,"White, non-Hispanic","$250,000 or more",0,Conservative,70,30
7601,Republican,54,"White, non-Hispanic","$25,000-29,999",1,Conservative,30,100
7609,Democrat,31,"White, non-Hispanic","Under $9,999",0,Liberal,85,60
7668,Democrat,67,"Black, non-Hispanic","$60,000-64,999",0,Conservative,85,30
7681,Republican,61,"White, non-Hispanic","$80,000-89,999",0,Conservative,60,15
7698,Independent,60,"White, non-Hispanic","$10,000-14,999",0,Liberal,85,15
7701,Independent,65,"White, non-Hispanic","$50,000-59,999",1,Conservative,70,60
7708,Republican,32,"White, non-Hispanic","$65,000-69,999",1,Conservative,30,85
7733,Democrat,57,"White, non-Hispanic","$30,000-34,999",0,Liberal,85,15
7753,Republican,56,"White, non-Hispanic","Under $9,999",1,Conservative,15,85
7760,Republican,44,"White, non-Hispanic","$110,000-124,999",1,Conservative,30,100
7770,Independent,51,"White, non-Hispanic","$10,000-14,999",0,Liberal,40,15
7786,Republican,49,"White, non-Hispanic","$125,000-149,999",1,Liberal,30,85
7796,Democrat,51,"Black, non-Hispanic","$60,000-64,999",0,Liberal,60,30
7799,Republican,80,"White, non-Hispanic","$10,000-14,999",1,Conservative,50,70
7805,Republican,47,Hispanic,"$70,000-74,999",1,Conservative,60,85
7808,Independent,72,"White, non-Hispanic","$60,000-64,999",0,Conservative,70,15
7812,Democrat,61,Hispanic,"$110,000-124,999",0,Liberal,85,40
7834,Independent,72,"White, non-Hispanic","$40,000-44,999",0,Conservative,70,15
7838,Democrat,48,"White, non-Hispanic","$110,000-124,999",0,Liberal,50,10
7850,Republican,63,"White, non-Hispanic","$65,000-69,999",1,Conservative,15,85
7855,Independent,28,"White, non-Hispanic","$80,000-89,999",0,Liberal,40,60
7885,Democrat,21,"Black, non-Hispanic","$10,000-14,999",0,Liberal,70,30
7900,Democrat,73,"White, non-Hispanic","$90,000-99,999",0,Conservative,85,15
7944,Other,24,"White, non-Hispanic","Under $9,999",1,Conservative,50,70
7948,Republican,61,"Asian or Native Hawaiian/other Pacific Islander, non-Hispanic","$50,000-59,999",1,Conservative,40,85
7951,Republican,58,"White, non-Hispanic","$75,000-79,999",1,Conservative,30,85
7968,Independent,58,"White, non-Hispanic","$50,000-59,999",0,Conservative,70,40
7972,Independent,56,"White, non-Hispanic","$175,000-249,999",1,Moderate,50,60
7976,Independent,39,"White, non-Hispanic","$175,000-249,999",0,Conservative,70,15
7980,Democrat,61,"Black, non-Hispanic","$60,000-64,999",0,Liberal,96,2
8017,Democrat,57,Hispanic,"$60,000-64,999",0,Liberal,70,40
8022,Independent,43,"White, non-Hispanic","$100,000-109,999",0,Liberal,85,30
8023,Independent,45,"Asian or Native Hawaiian/other Pacific Islander, non-Hispanic","$45,000-49,999",0,Liberal,50,50
8030,Independent,60,"White, non-Hispanic","$125,000-149,999",0,Conservative,85,15
8086,Democrat,42,Hispanic,"$75,000-79,999",0,Liberal,60,15
8096,Republican,80,"White, non-Hispanic","$80,000-89,999",0,Conservative,85,15
8100,Independent,22,Hispanic,"$20,000-24,999",0,Conservative,50,40
8142,Republican,30,"White, non-Hispanic","Under $9,999",1,Conservative,998,100
8157,Independent,43,"White, non-Hispanic","$65,000-69,999",0,Liberal,70,15
8170,Democrat,69,"Black, non-Hispanic","$10,000-14,999",0,Moderate,70,30
8177,Independent,56,"Multiple races, non-Hispanic","$15,000-19,999",1,Conservative,60,70
8202,Democrat,61,"Native American/Alaska Native or other race, non-Hispanic","$250,000 or more",0,Conservative,100,15
8218,Republican,60,Hispanic,"$150,000-174,999",0,Conservative,70,15
8219,Democrat,59,"White, non-Hispanic","$40,000-44,999",1,Conservative,50,30
8221,Independent,66,"White, non-Hispanic","Under $9,999",1,Moderate,40,70
8233,Independent,25,"White, non-Hispanic","$90,000-99,999",0,Liberal,60,40
8277,Democrat,45,Hispanic,"$90,000-99,999",0,Conservative,70,30
